ID,主题,博文,日期,URL,点赞数,评论数,转发数
4509496468630213,##每天都是无烟日##,【莫让烟草毁青春， #每天都是无烟日#】烟草带来的危害是当今世界最严重的公共卫生问题之一，控烟行动，从你我做起。在5月31日第33个世界无烟日来临之际，和微博一起来控烟！快打开你的小脑洞，唤醒你心中的小野兽，大胆创作控烟口号！即日起，带话题#每天都是无烟日#分享你的创意，超多惊喜等你来~@中国健康教育官方微博,05-28,https://m.weibo.cn/status/J3Z2SAd6Z?mblogid=J3Z2SAd6Z&luicode=10000011&lfid=100103type%3D1%26t%3D10%26q%3D%23%E6%AF%8F%E5%A4%A9%E9%83%BD%E6%98%AF%E6%97%A0%E7%83%9F%E6%97%A5%23,261,50,557
4510597477590348,##每天都是无烟日##,【正在直播：你知道烟草与肺癌的关系吗？】我国每年死于吸烟相关疾病的人数高达140万，其中98%小细胞肺癌与吸烟或二手烟暴露有关。为了大家的健康，让我们勇敢向烟草说不！“无烟为明天，#99招拒绝二手烟#”挑战赛正式启动，快来秀出你的拒烟态度！#每天都是无烟日# 健康中国的微博视频 . ,2020/5/31 11:45:17,https://m.weibo.cn/status/J4rGHvQAY?mblogid=J4rGHvQAY&luicode=10000011&lfid=100103type%3D1%26t%3D10%26q%3D%23%E6%AF%8F%E5%A4%A9%E9%83%BD%E6%98%AF%E6%97%A0%E7%83%9F%E6%97%A5%23,99,30,111
4509656317891619,##每天都是无烟日##,【#李兰娟称吸烟者感染后变重症的风险更大#】据李兰娟、王辰等专家介绍，在感染新冠肺炎的治疗中发现，吸烟者发展为重症危重症的风险会增加。专家胡大一表示，戒烟和公众场所严控二手烟，可以最快减少心肌梗塞致死。世界无烟日来临之际，多名专家呼吁#听医生的话#，#每天都是无烟日#！支持请转！@世界卫生组织  http://t.cn/A62JC19M,05-28,https://m.weibo.cn/status/J43cHx6Yb?mblogid=J43cHx6Yb&luicode=10000011&lfid=100103type%3D1%26t%3D10%26q%3D%23%E6%AF%8F%E5%A4%A9%E9%83%BD%E6%98%AF%E6%97%A0%E7%83%9F%E6%97%A5%23,71508,6770,6641
4509995381774460,##每天都是无烟日##,一人吸烟，更多人受害，烟草依赖带给家人和周围人的健康风险，远远超出我们的想像。让我们远离烟草，大声对二手烟说“不”！带话题词#每天都是无烟日# ，和我一起分享你的控烟创意宣传口号！ ,05-29,https://m.weibo.cn/status/J4c1A7rCk?mblogid=J4c1A7rCk&luicode=10000011&lfid=100103type%3D1%26t%3D10%26q%3D%23%E6%AF%8F%E5%A4%A9%E9%83%BD%E6%98%AF%E6%97%A0%E7%83%9F%E6%97%A5%23,12721,8611,8564
4510654897138843,##每天都是无烟日##,#每天都是无烟日# 蓝朋友的警告：吸烟不仅有害健康，一不小心还会引发火灾，后果严重,2020/5/31 14:43:20,https://m.weibo.cn/status/J4tbjtX8D?mblogid=J4tbjtX8D&luicode=10000011&lfid=100103type%3D1%26t%3D10%26q%3D%23%E6%AF%8F%E5%A4%A9%E9%83%BD%E6%98%AF%E6%97%A0%E7%83%9F%E6%97%A5%23,0,0,0
4510654096816549,##每天都是无烟日##,#每天都是无烟日# 抽烟喝酒加速刺激出来的癌症——口腔癌。好在口腔癌是可以有效预防的，听听医生你该怎么做。 北京清华长庚医院的微博视频 ,2020/5/31 14:40:21,https://m.weibo.cn/status/J4ta1sBil?mblogid=J4ta1sBil&luicode=10000011&lfid=100103type%3D1%26t%3D10%26q%3D%23%E6%AF%8F%E5%A4%A9%E9%83%BD%E6%98%AF%E6%97%A0%E7%83%9F%E6%97%A5%23,1,0,0
4510653828037217,##每天都是无烟日##,#每天都是无烟日#健康最重要！35岁女子10年间吃了30多种减肥药！医生：最多活十年！#和女明星抢液体卫生巾#大部分的减肥药里面含有对身体有害的物质，非但不能减肥，同时也会伤害到了身体。#生活不燃怎样#  薇薇的杂货店的微博视频 ,2020/5/31 14:39:21,https://m.weibo.cn/status/J4t9AxIQx?mblogid=J4t9AxIQx&luicode=10000011&lfid=100103type%3D1%26t%3D10%26q%3D%23%E6%AF%8F%E5%A4%A9%E9%83%BD%E6%98%AF%E6%97%A0%E7%83%9F%E6%97%A5%23,1,0,0
4510653744468116,##每天都是无烟日##,【莫让烟草毁青春， #每天都是无烟日#】烟草带来的危害是当今世界最严重的公共卫生问题之一，控烟行动，从你我做起。在5月31日第33个世界无烟日来临之际，和微博一起来控烟！快打开你的小脑洞，唤醒你心中的小野兽，大胆创作控烟口号！即日起，带话题#每天都是无烟日#分享你的创意，超多惊喜等你来~@中国健康教育官方微博,2020/5/31 14:39:21,https://m.weibo.cn/status/J4t9siKmo?mblogid=J4t9siKmo&luicode=10000011&lfid=100103type%3D1%26t%3D10%26q%3D%23%E6%AF%8F%E5%A4%A9%E9%83%BD%E6%98%AF%E6%97%A0%E7%83%9F%E6%97%A5%23,0,0,0
4510608773560249,##每天都是无烟日##,#每天都是无烟日# 远离烟草，远离危害。远离因吸烟酿成的火灾。,2020/5/31 11:45:21,https://m.weibo.cn/status/J4rYVeWbn?mblogid=J4rYVeWbn&luicode=10000011&lfid=100103type%3D1%26t%3D10%26q%3D%23%E6%AF%8F%E5%A4%A9%E9%83%BD%E6%98%AF%E6%97%A0%E7%83%9F%E6%97%A5%23,75,12,31
4510591186893748,##每天都是无烟日##,#每天都是无烟日#一人吸烟，更多人受害，烟草依赖带给家人和周围人的健康风险，远远超出我们的想像。让我们远离烟草，大声对二手烟说“不”！，不吸烟，为明天。 ,2020/5/31 10:45:22,https://m.weibo.cn/status/J4rwysVnu?mblogid=J4rwysVnu&luicode=10000011&lfid=100103type%3D1%26t%3D10%26q%3D%23%E6%AF%8F%E5%A4%A9%E9%83%BD%E6%98%AF%E6%97%A0%E7%83%9F%E6%97%A5%23,27,13,47
4510653342528390,##每天都是无烟日##,#世界无烟日#触目惊心，吸烟人的肺！我的朋友你还不戒烟么？无锡陈静瑜院长团队获取的脑死亡爱心捐献供肺，近30年烟龄。我国许多烟民的肺都会如此，经过讨论最终决定弃用这个污染严重、功能受损的肺。看了这肺，你还有抽烟的勇气吗？转给身边抽烟的人🚬#每天都是无烟日#协和心血管博士的微博视频 ,2020/5/31 14:37:23,https://m.weibo.cn/status/J4t8OaBKu?mblogid=J4t8OaBKu&luicode=10000011&lfid=100103type%3D1%26t%3D10%26q%3D%23%E6%AF%8F%E5%A4%A9%E9%83%BD%E6%98%AF%E6%97%A0%E7%83%9F%E6%97%A5%23,0,0,0
4510399615968477,##赵小棠的家##,#赵小棠妈妈也太年轻了# #赵小棠的家# @青春有你2-赵小棠 家里装修也太好看了吧！看得出来赵小棠家境优越，养成了她这样有话直说的直爽性格还有这样高颜值又年轻的妈妈和可爱的弟弟，谁不羡慕呢#青春有你2总决赛# ,2020/5/30 22:45:24,https://m.weibo.cn/status/J4mxzp2FL?mblogid=J4mxzp2FL&luicode=10000011&lfid=100103type%3D1%26t%3D10%26q%3D%23%E8%B5%B5%E5%B0%8F%E6%A3%A0%E7%9A%84%E5%AE%B6%23,707500,11631,3147
4510621457092841,##赵小棠的家##,#赵小棠的家#境有多优越？看她妈妈弟弟穿的衣服，不是一般家庭。 ,2020/5/31 12:45:25,https://m.weibo.cn/status/J4sjntLaF?mblogid=J4sjntLaF&luicode=10000011&lfid=100103type%3D1%26t%3D10%26q%3D%23%E8%B5%B5%E5%B0%8F%E6%A3%A0%E7%9A%84%E5%AE%B6%23,128846,3977,678
4510647373208095,##赵小棠的家##,#赵小棠的家# 昨晚看到的是赵小棠有个年轻的妈妈和可爱的弟弟，今天看到的是赵小棠的家好豪，又羡慕了，你们都是带慢速放大镜看的吗豪气又豪爽的棠姐既然藏不住了，那就都多康康接下来成团后的表现吧 ,2020/5/31 14:13:26,https://m.weibo.cn/status/J4sZbdszt?mblogid=J4sZbdszt&luicode=10000011&lfid=100103type%3D1%26t%3D10%26q%3D%23%E8%B5%B5%E5%B0%8F%E6%A3%A0%E7%9A%84%E5%AE%B6%23,3940,656,327
4510655295685679,##赵小棠的家##,#虞书欣澄清甩开刘雨昕的手# 妹妹都是好妹妹，但是总有人过分解读，关系如何只有人家两个人知道，就不要过多讨论了，多多关注作品吧   #赵小棠的家# 哇看着很豪华 赵小棠真的人美钱多，但是也不用太关注别人的私生活。  ,2020/5/31 14:45:27,https://m.weibo.cn/status/J4tbXnR6v?mblogid=J4tbXnR6v&luicode=10000011&lfid=100103type%3D1%26t%3D10%26q%3D%23%E8%B5%B5%E5%B0%8F%E6%A3%A0%E7%9A%84%E5%AE%B6%23,0,0,0
4510655287448551,##赵小棠的家##,#赵小棠的家#妈妈上热搜后，家也上热搜了，期待成团后的表现！ ,2020/5/31 14:45:27,https://m.weibo.cn/status/J4tbWvfHV?mblogid=J4tbWvfHV&luicode=10000011&lfid=100103type%3D1%26t%3D10%26q%3D%23%E8%B5%B5%E5%B0%8F%E6%A3%A0%E7%9A%84%E5%AE%B6%23,2,0,0
4510655262923863,##赵小棠的家##,#虞书欣澄清甩开刘雨昕的手# 欣欣子你也太可爱了吧哈哈哈哈哈会给自己反黑澄清的爱豆让人很放心#赵小棠的家# 哇看着很豪华 ,2020/5/31 14:45:27,https://m.weibo.cn/status/J4tbUcgD5?mblogid=J4tbUcgD5&luicode=10000011&lfid=100103type%3D1%26t%3D10%26q%3D%23%E8%B5%B5%E5%B0%8F%E6%A3%A0%E7%9A%84%E5%AE%B6%23,0,0,0
4510655217245762,##赵小棠的家##,#赵小棠的家#羡慕了#青春有你# ,2020/5/31 14:45:27,https://m.weibo.cn/status/J4tbPuoX8?mblogid=J4tbPuoX8&luicode=10000011&lfid=100103type%3D1%26t%3D10%26q%3D%23%E8%B5%B5%E5%B0%8F%E6%A3%A0%E7%9A%84%E5%AE%B6%23,0,0,0
4510655203629152,##赵小棠的家##,#赵小棠的家#妈妈很年轻，弟弟很可爱 深圳 ,2020/5/31 14:45:27,https://m.weibo.cn/status/J4tbOfe6I?mblogid=J4tbOfe6I&luicode=10000011&lfid=100103type%3D1%26t%3D10%26q%3D%23%E8%B5%B5%E5%B0%8F%E6%A3%A0%E7%9A%84%E5%AE%B6%23,0,0,0
4510655196205878,##赵小棠的家##,坚强药三分，毅力做主引，经验是药罐，教训控火温，熬就疗伤药，失败后再饮，药激信心增，驱散失败云，心伤立刻好，再将苦难迎。#赵小棠的家# ,2020/5/31 14:44:28,https://m.weibo.cn/status/J4tbNq2qO?mblogid=J4tbNq2qO&luicode=10000011&lfid=100103type%3D1%26t%3D10%26q%3D%23%E8%B5%B5%E5%B0%8F%E6%A3%A0%E7%9A%84%E5%AE%B6%23,0,0,0
4510655183599039,##赵小棠的家##,#赵小棠的家# 赵小棠真的人美钱多，但是也不用太关注别人的私生活。  ,2020/5/31 14:44:28,https://m.weibo.cn/status/J4tbMf6h1?mblogid=J4tbMf6h1&luicode=10000011&lfid=100103type%3D1%26t%3D10%26q%3D%23%E8%B5%B5%E5%B0%8F%E6%A3%A0%E7%9A%84%E5%AE%B6%23,0,0,0
4510655183014301,##赵小棠的家##,#赵小棠的家#…天啦噜，这也太有钱了吧？看起来就不是我能拥有的水平，拽是有资本的（此资本非彼资本） ,2020/5/31 14:44:28,https://m.weibo.cn/status/J4tbMcE9L?mblogid=J4tbMcE9L&luicode=10000011&lfid=100103type%3D1%26t%3D10%26q%3D%23%E8%B5%B5%E5%B0%8F%E6%A3%A0%E7%9A%84%E5%AE%B6%23,0,0,0
4510360914233005,##CNN主持人评白人警察执法致黑人死亡##,【#CNN主持人评白人警察执法致黑人死亡#：美国正在上演双城记】#CNN主持人6分钟长评美国种族不平等# 近日，美国CNN主持人克里斯·科莫对明尼苏达州黑人男子被白人警察暴力执法致死事件做出评论，称“美国正在上演双城记，一边是少数群体，一边是多数人”。科莫描述了两个群体的生活：过去三个月，美国黑人等少数群体感染新冠和死亡人数高于白人，他们被裁员的速度越来越快，政府小额商业贷款申请通过率也高低悬殊……“少数群体的抗议，不仅仅因为这一件事，而是因为更多没有起诉的案子，没有被人看到拍下来的事件，起诉错的案件以及对他们过于严厉的惩罚，因为长期以来在诸多方面感到的不安和恐惧。”科莫认为，问题的根源在于，必须意识到少数和多数群体要联合起来，否则不可能看到最好的美国。@中报视频 http://t.cn/A62SJoO4,2020/5/30 19:45:30,https://m.weibo.cn/status/J4lx9hLch?mblogid=J4lx9hLch&luicode=10000011&lfid=100103type%3D1%26t%3D10%26q%3D%23CNN%E4%B8%BB%E6%8C%81%E4%BA%BA%E8%AF%84%E7%99%BD%E4%BA%BA%E8%AD%A6%E5%AF%9F%E6%89%A7%E6%B3%95%E8%87%B4%E9%BB%91%E4%BA%BA%E6%AD%BB%E4%BA%A1%23,16503,1010,1343
4510645254977517,##CNN主持人评白人警察执法致黑人死亡##,#CNN主持人评白人警察执法致黑人死亡#Chicago ， the USA ，三名落单警察遭抗议者围殴！ henryhunter的微博视频 ,2020/5/31 14:05:31,https://m.weibo.cn/status/J4sVLkSSx?mblogid=J4sVLkSSx&luicode=10000011&lfid=100103type%3D1%26t%3D10%26q%3D%23CNN%E4%B8%BB%E6%8C%81%E4%BA%BA%E8%AF%84%E7%99%BD%E4%BA%BA%E8%AD%A6%E5%AF%9F%E6%89%A7%E6%B3%95%E8%87%B4%E9%BB%91%E4%BA%BA%E6%AD%BB%E4%BA%A1%23,2221,335,69
4510651685304631,##CNN主持人评白人警察执法致黑人死亡##,#CNN主持人评白人警察执法致黑人死亡#暴力致死黑人事件一直存在， 美国政府一直也无视这个问题，白人觉得自己高人一等，根子烂了，种族问题将越演越烈。 陈文诸葛y的微博视频 ,2020/5/31 14:30:32,https://m.weibo.cn/status/J4t68mfYz?mblogid=J4t68mfYz&luicode=10000011&lfid=100103type%3D1%26t%3D10%26q%3D%23CNN%E4%B8%BB%E6%8C%81%E4%BA%BA%E8%AF%84%E7%99%BD%E4%BA%BA%E8%AD%A6%E5%AF%9F%E6%89%A7%E6%B3%95%E8%87%B4%E9%BB%91%E4%BA%BA%E6%AD%BB%E4%BA%A1%23,143,30,44
4510655430889922,##CNN主持人评白人警察执法致黑人死亡##,#6月起骑摩托车不戴头盔等要被严查#   安全第一 #CNN主持人评白人警察执法致黑人死亡#  这个导火索激起了内部矛盾种族歧视等 再次感慨一下，生在中国好呀  ,2020/5/31 14:45:33,https://m.weibo.cn/status/J4tcb3JvA?mblogid=J4tcb3JvA&luicode=10000011&lfid=100103type%3D1%26t%3D10%26q%3D%23CNN%E4%B8%BB%E6%8C%81%E4%BA%BA%E8%AF%84%E7%99%BD%E4%BA%BA%E8%AD%A6%E5%AF%9F%E6%89%A7%E6%B3%95%E8%87%B4%E9%BB%91%E4%BA%BA%E6%AD%BB%E4%BA%A1%23,0,0,0
4510655409407060,##CNN主持人评白人警察执法致黑人死亡##,#CNN主持人评白人警察执法致黑人死亡#新冠就是个导火索，这个导火索激起了内部矛盾种族歧视等，白人事件就是个爆破点，还是生在中国好！ ,2020/5/31 14:45:33,https://m.weibo.cn/status/J4tc8DtcM?mblogid=J4tc8DtcM&luicode=10000011&lfid=100103type%3D1%26t%3D10%26q%3D%23CNN%E4%B8%BB%E6%8C%81%E4%BA%BA%E8%AF%84%E7%99%BD%E4%BA%BA%E8%AD%A6%E5%AF%9F%E6%89%A7%E6%B3%95%E8%87%B4%E9%BB%91%E4%BA%BA%E6%AD%BB%E4%BA%A1%23,0,0,0
4510655388377461,##CNN主持人评白人警察执法致黑人死亡##,“米国之春”！示威蔓延30多城，川普表示，将以最凶狠武器对付示威者。见一叶而知深秋，窥一斑而知全豹。米国人权状况每况愈下，种族主义是深埋其社会内部的痼疾。#CNN主持人评白人警察执法致黑人死亡# 蓝烟啼枫的微博视频 ,2020/5/31 14:45:33,https://m.weibo.cn/status/J4tc6z9ml?mblogid=J4tc6z9ml&luicode=10000011&lfid=100103type%3D1%26t%3D10%26q%3D%23CNN%E4%B8%BB%E6%8C%81%E4%BA%BA%E8%AF%84%E7%99%BD%E4%BA%BA%E8%AD%A6%E5%AF%9F%E6%89%A7%E6%B3%95%E8%87%B4%E9%BB%91%E4%BA%BA%E6%AD%BB%E4%BA%A1%23,1,1,0
4510655387961948,##CNN主持人评白人警察执法致黑人死亡##,CNN主持人评白人警察执法致黑人死亡：美国正在上演双城记#CNN主持人评白人警察执法致黑人死亡# 随手扩的微博视频 ,2020/5/31 14:45:34,https://m.weibo.cn/status/J4tc6xpgw?mblogid=J4tc6xpgw&luicode=10000011&lfid=100103type%3D1%26t%3D10%26q%3D%23CNN%E4%B8%BB%E6%8C%81%E4%BA%BA%E8%AF%84%E7%99%BD%E4%BA%BA%E8%AD%A6%E5%AF%9F%E6%89%A7%E6%B3%95%E8%87%B4%E9%BB%91%E4%BA%BA%E6%AD%BB%E4%BA%A1%23,0,0,0
4510655366930072,##CNN主持人评白人警察执法致黑人死亡##,【#CNN主持人评白人警察执法致黑人死亡#：美国正在上演双城记】#CNN主持人6分钟长评美国种族不平等# 近日，美国CNN主持人克里斯·科莫对明尼苏达州黑人男子被白人警察暴力执法致死事件做出评论，称“美国正在上演双城记，一边是少数群体，一边是多数人”。科莫描述了两个群体的生活：过去三个月，美国黑人等少数群体感染新冠和死亡人数高于白人，他们被裁员的速度越来越快，政府小额商业贷款申请通过率也高低悬殊……“少数群体的抗议，不仅仅因为这一件事，而是因为更多没有起诉的案子，没有被人看到拍下来的事件，起诉错的案件以及对他们过于严厉的惩罚，因为长期以来在诸多方面感到的不安和恐惧。”科莫认为，问题的根源在于，必须意识到少数和多数群体要联合起来，否则不可能看到最好的美国。@中报视频 http://t.cn/A62SJoO4,2020/5/31 14:45:34,https://m.weibo.cn/status/J4tc4t4Pm?mblogid=J4tc4t4Pm&luicode=10000011&lfid=100103type%3D1%26t%3D10%26q%3D%23CNN%E4%B8%BB%E6%8C%81%E4%BA%BA%E8%AF%84%E7%99%BD%E4%BA%BA%E8%AD%A6%E5%AF%9F%E6%89%A7%E6%B3%95%E8%87%B4%E9%BB%91%E4%BA%BA%E6%AD%BB%E4%BA%A1%23,0,0,0
4510655317360806,##CNN主持人评白人警察执法致黑人死亡##,#CNN主持人评白人警察执法致黑人死亡#所以新冠带来的影响是个导火索，白人事件是个爆破点 这么多年以来黑人在美国受到的种族歧视才是根源 ,2020/5/31 14:45:34,https://m.weibo.cn/status/J4tbZuSSG?mblogid=J4tbZuSSG&luicode=10000011&lfid=100103type%3D1%26t%3D10%26q%3D%23CNN%E4%B8%BB%E6%8C%81%E4%BA%BA%E8%AF%84%E7%99%BD%E4%BA%BA%E8%AD%A6%E5%AF%9F%E6%89%A7%E6%B3%95%E8%87%B4%E9%BB%91%E4%BA%BA%E6%AD%BB%E4%BA%A1%23,0,0,0
4510655279977363,##CNN主持人评白人警察执法致黑人死亡##,#CNN主持人评白人警察执法致黑人死亡# 这只是一根导火索，连带着暴发了很多问题 ,2020/5/31 14:45:35,https://m.weibo.cn/status/J4tbVFRzd?mblogid=J4tbVFRzd&luicode=10000011&lfid=100103type%3D1%26t%3D10%26q%3D%23CNN%E4%B8%BB%E6%8C%81%E4%BA%BA%E8%AF%84%E7%99%BD%E4%BA%BA%E8%AD%A6%E5%AF%9F%E6%89%A7%E6%B3%95%E8%87%B4%E9%BB%91%E4%BA%BA%E6%AD%BB%E4%BA%A1%23,0,0,0
4510568536621160,##任嘉伦送你1加仑小白伞##,和OLAY品牌大使@任嘉伦Allen 一起加入OLAY PLAY！#任嘉伦送你1加仑小白伞#福利放送中！1加仑=3.785公升（美式）< 127 x 30ml = 127支30毫升小白伞！高倍防晒SPF 50 PA++++ 搭配轻盈肤感，守护全城的嫩白肌肤，让你白过夏天！ 618年中大促OLAY为你准备海量优惠，转发或评论晒出你的订单截图，截至6月10号抽5名送出明星周边！--换行--http://t.cn/AiDchl4X  --换行--http://t.cn/A62MvuEB,2020/5/31 9:45:36,https://m.weibo.cn/status/J4qW1rMsU?mblogid=J4qW1rMsU&luicode=10000011&lfid=100103type%3D1%26t%3D10%26q%3D%23%E4%BB%BB%E5%98%89%E4%BC%A6%E9%80%81%E4%BD%A01%E5%8A%A0%E4%BB%91%E5%B0%8F%E7%99%BD%E4%BC%9E%23,7260,933,752
4510576086896563,##任嘉伦送你1加仑小白伞##,花坦诚再降珍宝？特派OLAY首席玩家#任嘉伦送你1加仑小白伞#，1加仑=3.785公升（美式）< 127 x 30ml = 127支30毫升小白伞！超强防晒力SPF 50 PA++++ ，守护你的嫩白肌肤！6月16日前，下定OLAY任意美肌好物晒付款截图，带话题#任嘉伦送你1加仑小白伞#@OLAY @任嘉伦Allen 抽半年份小白伞！更多惊喜好礼和明星周边戳大图查收！ http://t.cn/AiDchl4X,2020/5/31 9:45:37,https://m.weibo.cn/status/J4r8csW6T?mblogid=J4r8csW6T&luicode=10000011&lfid=100103type%3D1%26t%3D10%26q%3D%23%E4%BB%BB%E5%98%89%E4%BC%A6%E9%80%81%E4%BD%A01%E5%8A%A0%E4%BB%91%E5%B0%8F%E7%99%BD%E4%BC%9E%23,6217,1259,1039
4510630750600137,##任嘉伦送你1加仑小白伞##,#任嘉伦送你1加仑小白伞#和任嘉伦一起变好看 ,2020/5/31 13:45:37,https://m.weibo.cn/status/J4syn2w7D?mblogid=J4syn2w7D&luicode=10000011&lfid=100103type%3D1%26t%3D10%26q%3D%23%E4%BB%BB%E5%98%89%E4%BC%A6%E9%80%81%E4%BD%A01%E5%8A%A0%E4%BB%91%E5%B0%8F%E7%99%BD%E4%BC%9E%23,57,10,0
4510651332244405,##任嘉伦送你1加仑小白伞##,#任嘉伦送你1加仑小白伞##任嘉伦送你1加仑小白伞# 这个有个小弹窗 ,2020/5/31 14:29:38,https://m.weibo.cn/status/J4t5z9pS5?mblogid=J4t5z9pS5&luicode=10000011&lfid=100103type%3D1%26t%3D10%26q%3D%23%E4%BB%BB%E5%98%89%E4%BC%A6%E9%80%81%E4%BD%A01%E5%8A%A0%E4%BB%91%E5%B0%8F%E7%99%BD%E4%BC%9E%23,3,0,0
4510649282333864,##任嘉伦送你1加仑小白伞##,爸爸看看孩子吧，买啦#任嘉伦送你1加仑小白伞# 查看图片,2020/5/31 14:21:38,https://m.weibo.cn/status/J4t2g9N8Y?mblogid=J4t2g9N8Y&luicode=10000011&lfid=100103type%3D1%26t%3D10%26q%3D%23%E4%BB%BB%E5%98%89%E4%BC%A6%E9%80%81%E4%BD%A01%E5%8A%A0%E4%BB%91%E5%B0%8F%E7%99%BD%E4%BC%9E%23,1,0,0
4510645615793360,##任嘉伦送你1加仑小白伞##,#任嘉伦送你1加仑小白伞#必须支持，买买买 ,2020/5/31 14:06:39,https://m.weibo.cn/status/J4sWloj7i?mblogid=J4sWloj7i&luicode=10000011&lfid=100103type%3D1%26t%3D10%26q%3D%23%E4%BB%BB%E5%98%89%E4%BC%A6%E9%80%81%E4%BD%A01%E5%8A%A0%E4%BB%91%E5%B0%8F%E7%99%BD%E4%BC%9E%23,4,1,0
4510636493565270,##任嘉伦送你1加仑小白伞##,我哥哥#任嘉伦送你1加仑小白伞#，对，没错，我三秒就算出来是127支小白伞的量！如果我中奖了，就是足足这夏天防晒的钱钱了，就是省了1500元！1500元耶，请@OLAY pick我一次，好吗 ,2020/5/31 13:45:40,https://m.weibo.cn/status/J4sHDeXum?mblogid=J4sHDeXum&luicode=10000011&lfid=100103type%3D1%26t%3D10%26q%3D%23%E4%BB%BB%E5%98%89%E4%BC%A6%E9%80%81%E4%BD%A01%E5%8A%A0%E4%BB%91%E5%B0%8F%E7%99%BD%E4%BC%9E%23,0,0,0
4510615081774182,##任嘉伦送你1加仑小白伞##,Olay家这组防晒美白CP风好大呀，#任嘉伦送你1加仑小白伞#刘诗诗马思纯一票男神女神都在疯狂安利！轻如空气速效成膜的高倍防晒Olay零重力小白伞，搭配上美白力Max的#618必囤精华#Olay小白瓶，不白算我输！#618跟着爱豆当燃要#入手啦～--换行----换行--速速查收#618预售攻略#Olay零重力小白伞http://t.cn/A62SfQfV 买30ml送32ml光感小白瓶精华！前6500瓶付尾款加送10ml零重力小白伞！Olay光感小白瓶http://t.cn/A62JKhZB 买1送1，买2送2再减40！快跟着天猫助燃官马思纯一起剁手吧～#618当燃全星为你#http://t.cn/A62MVhUn,2020/5/31 12:45:40,https://m.weibo.cn/status/J4s967rxQ?mblogid=J4s967rxQ&luicode=10000011&lfid=100103type%3D1%26t%3D10%26q%3D%23%E4%BB%BB%E5%98%89%E4%BC%A6%E9%80%81%E4%BD%A01%E5%8A%A0%E4%BB%91%E5%B0%8F%E7%99%BD%E4%BC%9E%23,2246,1013,1446
4510627974428445,##任嘉伦送你1加仑小白伞##,#任嘉伦送你1加仑小白伞# 原来1加仑=3.785公升（美式）好多啊@OLAY @任嘉伦Allen ,2020/5/31 13:45:41,https://m.weibo.cn/status/J4stTiA2x?mblogid=J4stTiA2x&luicode=10000011&lfid=100103type%3D1%26t%3D10%26q%3D%23%E4%BB%BB%E5%98%89%E4%BC%A6%E9%80%81%E4%BD%A01%E5%8A%A0%E4%BB%91%E5%B0%8F%E7%99%BD%E4%BC%9E%23,5,2,0
4510424102747154,##林凡看陆柯燃出道大哭##,“我爱你们”“我爱你” 我在厂口丢手绢的微博视频 ,2020/5/30 23:45:42,https://m.weibo.cn/status/J4nb4bwEW?mblogid=J4nb4bwEW&luicode=10000011&lfid=100103type%3D1%26t%3D10%26q%3D%23%E6%9E%97%E5%87%A1%E7%9C%8B%E9%99%86%E6%9F%AF%E7%87%83%E5%87%BA%E9%81%93%E5%A4%A7%E5%93%AD%23,127203,5063,3993
4510626301129940,##林凡看陆柯燃出道大哭##,#林凡看陆柯燃出道大哭##右上角出道定律# 网友总结的九号位出道定律就是在右上角！陆柯燃、尤长靖、何昶希都是，桃系特色吗？ ,2020/5/31 13:45:43,https://m.weibo.cn/status/J4src4JWQ?mblogid=J4src4JWQ&luicode=10000011&lfid=100103type%3D1%26t%3D10%26q%3D%23%E6%9E%97%E5%87%A1%E7%9C%8B%E9%99%86%E6%9F%AF%E7%87%83%E5%87%BA%E9%81%93%E5%A4%A7%E5%93%AD%23,25373,955,480
4510629551861869,##林凡看陆柯燃出道大哭##,#陆柯燃亲林凡# #林凡看陆柯燃出道大哭# 救命救命救命！ 陆柯燃疑似在新年倒数钟声中亲了林凡一下！！！！林凡都被亲软了！！ ,2020/5/31 13:45:44,https://m.weibo.cn/status/J4swr7Om9?mblogid=J4swr7Om9&luicode=10000011&lfid=100103type%3D1%26t%3D10%26q%3D%23%E6%9E%97%E5%87%A1%E7%9C%8B%E9%99%86%E6%9F%AF%E7%87%83%E5%87%BA%E9%81%93%E5%A4%A7%E5%93%AD%23,616,79,48
4510655372054502,##林凡看陆柯燃出道大哭##,#林凡看陆柯燃出道大哭#她们关系真的超级好！之前林凡淘汰陆柯燃也哭了！既然cue到了也可以看看我们小翻团呀，四个姐姐都超级棒！关系特别好（图文无关图是九号宿舍啦，她们关系也很好的） ,2020/5/31 14:45:45,https://m.weibo.cn/status/J4tc58Ct8?mblogid=J4tc58Ct8&luicode=10000011&lfid=100103type%3D1%26t%3D10%26q%3D%23%E6%9E%97%E5%87%A1%E7%9C%8B%E9%99%86%E6%9F%AF%E7%87%83%E5%87%BA%E9%81%93%E5%A4%A7%E5%93%AD%23,0,0,0
4510655322143670,##林凡看陆柯燃出道大哭##,#林凡看陆柯燃出道大哭#点击就看林凡捂心口最后林凡的愿望成真啦，真好 ,2020/5/31 14:45:45,https://m.weibo.cn/status/J4tc08ZFk?mblogid=J4tc08ZFk&luicode=10000011&lfid=100103type%3D1%26t%3D10%26q%3D%23%E6%9E%97%E5%87%A1%E7%9C%8B%E9%99%86%E6%9F%AF%E7%87%83%E5%87%BA%E9%81%93%E5%A4%A7%E5%93%AD%23,2,0,0
4510655288164509,##林凡看陆柯燃出道大哭##,#林凡看陆柯燃出道大哭#是神仙友谊柯柯带着凡凡的那份愿望开启新的旅程，希望柯柯和凡凡都一直走花路吧[为爱发光] ,2020/5/31 14:45:45,https://m.weibo.cn/status/J4tbWyfXD?mblogid=J4tbWyfXD&luicode=10000011&lfid=100103type%3D1%26t%3D10%26q%3D%23%E6%9E%97%E5%87%A1%E7%9C%8B%E9%99%86%E6%9F%AF%E7%87%83%E5%87%BA%E9%81%93%E5%A4%A7%E5%93%AD%23,0,0,0
4510655217241581,##林凡看陆柯燃出道大哭##,#林凡看陆柯燃出道大哭#快看看陆柯燃进厂前的图吧这发型这侧脸没人会不喜欢吧友谊长久! ,2020/5/31 14:44:45,https://m.weibo.cn/status/J4tbPunRH?mblogid=J4tbPunRH&luicode=10000011&lfid=100103type%3D1%26t%3D10%26q%3D%23%E6%9E%97%E5%87%A1%E7%9C%8B%E9%99%86%E6%9F%AF%E7%87%83%E5%87%BA%E9%81%93%E5%A4%A7%E5%93%AD%23,0,0,0
4510655190791478,##林凡看陆柯燃出道大哭##,#林凡看陆柯燃出道大哭#两个人五六年的感情真的很珍贵 以后也一起走花路吧友谊长存 ,2020/5/31 14:44:46,https://m.weibo.cn/status/J4tbN3jTM?mblogid=J4tbN3jTM&luicode=10000011&lfid=100103type%3D1%26t%3D10%26q%3D%23%E6%9E%97%E5%87%A1%E7%9C%8B%E9%99%86%E6%9F%AF%E7%87%83%E5%87%BA%E9%81%93%E5%A4%A7%E5%93%AD%23,0,0,0
4510646169756368,##林凡看陆柯燃出道大哭##,陆柯燃超话 lkr#林凡看陆柯燃出道大哭# 陆姐的绝美动图~ ,2020/5/31 14:08:46,https://m.weibo.cn/status/J4sXeEW4M?mblogid=J4sXeEW4M&luicode=10000011&lfid=100103type%3D1%26t%3D10%26q%3D%23%E6%9E%97%E5%87%A1%E7%9C%8B%E9%99%86%E6%9F%AF%E7%87%83%E5%87%BA%E9%81%93%E5%A4%A7%E5%93%AD%23,54,7,7
4510655103321283,##林凡看陆柯燃出道大哭##,革命的本钱是身体，要养身；幸福的根本是平安，要保重；成功的基石是努力，要勤奋；快乐的源泉是开心，要微笑；生活的真谛是洒脱，要享受！#林凡看陆柯燃出道大哭# ,2020/5/31 14:44:47,https://m.weibo.cn/status/J4tbEdW15?mblogid=J4tbEdW15&luicode=10000011&lfid=100103type%3D1%26t%3D10%26q%3D%23%E6%9E%97%E5%87%A1%E7%9C%8B%E9%99%86%E6%9F%AF%E7%87%83%E5%87%BA%E9%81%93%E5%A4%A7%E5%93%AD%23,0,0,0
4510506684108074,##虞书欣澄清甩开刘雨昕的手##,//@鱼头星星Esther:这是一个大家都很开心的日子，小堂给我看到这个视频我都惊呆了 为什么你们会这么理解呢 ？当时站在台上已经紧张懵了 ，哭的很惨 雨昕握住我的手的时候也是懵的 没想到手心里有纸巾，谢谢贴心的刘老师给我🧻，这么开心的日子 不要乱想了好吧，我们关系都很好 ！！,2020/5/31 5:45:48,https://m.weibo.cn/status/J4pkgheHg?mblogid=J4pkgheHg&luicode=10000011&lfid=100103type%3D1%26t%3D10%26q%3D%23%E8%99%9E%E4%B9%A6%E6%AC%A3%E6%BE%84%E6%B8%85%E7%94%A9%E5%BC%80%E5%88%98%E9%9B%A8%E6%98%95%E7%9A%84%E6%89%8B%23,410664,16690,6609
4510653216572071,##虞书欣澄清甩开刘雨昕的手##,#午间娱乐播报##虞书欣澄清甩开刘雨昕的手#：我们关系都很好 c澄清与刘雨昕不和 青你2品牌方道歉 否认提前剧透刘雨昕C位 青你2合作品牌道歉 否认剧透 鹿晗MV制作公司道歉承认借鉴 工作室发声 鹿晗MV制作公司承认借鉴分镜 何超莲悼念赌王：想念你 何超莲悼念父亲：我想念你 #张国荣证件照#曝光 张国荣罕见证件照曝光 ,2020/5/31 14:36:49,https://m.weibo.cn/status/J4t8BrzH9?mblogid=J4t8BrzH9&luicode=10000011&lfid=100103type%3D1%26t%3D10%26q%3D%23%E8%99%9E%E4%B9%A6%E6%AC%A3%E6%BE%84%E6%B8%85%E7%94%A9%E5%BC%80%E5%88%98%E9%9B%A8%E6%98%95%E7%9A%84%E6%89%8B%23,6939,147,8
4510655489900863,##虞书欣澄清甩开刘雨昕的手##,#虞书欣澄清甩开刘雨昕的手# 欣欣子你也太可爱了吧哈哈哈哈哈会给自己反黑澄清的爱豆让人很放心#赵小棠的家# 装修太豪华了吧  慕了,2020/5/31 14:45:50,https://m.weibo.cn/status/J4tcgFxFl?mblogid=J4tcgFxFl&luicode=10000011&lfid=100103type%3D1%26t%3D10%26q%3D%23%E8%99%9E%E4%B9%A6%E6%AC%A3%E6%BE%84%E6%B8%85%E7%94%A9%E5%BC%80%E5%88%98%E9%9B%A8%E6%98%95%E7%9A%84%E6%89%8B%23,0,0,0
4510654872459043,##虞书欣澄清甩开刘雨昕的手##,#虞书欣澄清甩开刘雨昕的手##青春有你意难平# 不是吧阿sir，这也行？恭喜两位妹妹都来不及，不要这样吧。都是很好的妹妹希望他们今后的路越来越顺，发光发热！ 恭喜出道哦！ ,2020/5/31 14:43:50,https://m.weibo.cn/status/J4tbhajHZ?mblogid=J4tbhajHZ&luicode=10000011&lfid=100103type%3D1%26t%3D10%26q%3D%23%E8%99%9E%E4%B9%A6%E6%AC%A3%E6%BE%84%E6%B8%85%E7%94%A9%E5%BC%80%E5%88%98%E9%9B%A8%E6%98%95%E7%9A%84%E6%89%8B%23,32,22,25
4510655468307763,##虞书欣澄清甩开刘雨昕的手##,#虞书欣澄清甩开刘雨昕的手# 欣欣子你也太可爱了吧哈哈哈哈会给自己反黑澄清的爱豆让人很放心#赵小棠的家# 哇看着蛮豪华 ,2020/5/31 14:45:51,https://m.weibo.cn/status/J4tceyReb?mblogid=J4tceyReb&luicode=10000011&lfid=100103type%3D1%26t%3D10%26q%3D%23%E8%99%9E%E4%B9%A6%E6%AC%A3%E6%BE%84%E6%B8%85%E7%94%A9%E5%BC%80%E5%88%98%E9%9B%A8%E6%98%95%E7%9A%84%E6%89%8B%23,0,0,0
4510655460444442,##虞书欣澄清甩开刘雨昕的手##,#虞书欣澄清甩开刘雨昕的手# 妹妹都是好妹妹，但是总有人过分解读，关系如何只有人家两个人知道，就不要过多揣测和讨论了 #赵小棠的家# 哇看着很豪华，不过再有钱也是别人的事，不酸不舔，过好自己生活最重要 ,2020/5/31 14:45:51,https://m.weibo.cn/status/J4tce1RCq?mblogid=J4tce1RCq&luicode=10000011&lfid=100103type%3D1%26t%3D10%26q%3D%23%E8%99%9E%E4%B9%A6%E6%AC%A3%E6%BE%84%E6%B8%85%E7%94%A9%E5%BC%80%E5%88%98%E9%9B%A8%E6%98%95%E7%9A%84%E6%89%8B%23,0,0,0
4510655455016934,##虞书欣澄清甩开刘雨昕的手##,#虞书欣澄清甩开刘雨昕的手# 总有人过分解读，关系如何只有人家两个人知道，就不要过多讨论了，多多关注作品吧   #赵小棠的家# 哇看着很豪华 :咻～,2020/5/31 14:45:51,https://m.weibo.cn/status/J4tcdl38i?mblogid=J4tcdl38i&luicode=10000011&lfid=100103type%3D1%26t%3D10%26q%3D%23%E8%99%9E%E4%B9%A6%E6%AC%A3%E6%BE%84%E6%B8%85%E7%94%A9%E5%BC%80%E5%88%98%E9%9B%A8%E6%98%95%E7%9A%84%E6%89%8B%23,0,0,0
4510655443071292,##虞书欣澄清甩开刘雨昕的手##,#多芬道歉#看看就得了，何必太过于真情实感，各凭本事争取第一第二而已，何必呢哈哈。#虞书欣澄清甩开刘雨昕的手#都澄清了就别再讨论了，女孩子们内部的关心肯定挺好的，而且都是一个团队成团出道了，好好的就行了！,2020/5/31 14:45:51,https://m.weibo.cn/status/J4tcccSYY?mblogid=J4tcccSYY&luicode=10000011&lfid=100103type%3D1%26t%3D10%26q%3D%23%E8%99%9E%E4%B9%A6%E6%AC%A3%E6%BE%84%E6%B8%85%E7%94%A9%E5%BC%80%E5%88%98%E9%9B%A8%E6%98%95%E7%9A%84%E6%89%8B%23,0,0,0
4510655317359810,##虞书欣澄清甩开刘雨昕的手##,#虞书欣澄清甩开刘雨昕的手#这事她还能承认嘛眼不瞎的人都能看出虞书欣甩开刘雨昕的手，都能看出刘雨昕的尴尬表情！恶⭐扒拉的虞书欣 ,2020/5/31 14:45:51,https://m.weibo.cn/status/J4tbZuSCC?mblogid=J4tbZuSCC&luicode=10000011&lfid=100103type%3D1%26t%3D10%26q%3D%23%E8%99%9E%E4%B9%A6%E6%AC%A3%E6%BE%84%E6%B8%85%E7%94%A9%E5%BC%80%E5%88%98%E9%9B%A8%E6%98%95%E7%9A%84%E6%89%8B%23,1,0,0
4510655262923863,##虞书欣澄清甩开刘雨昕的手##,#虞书欣澄清甩开刘雨昕的手# 欣欣子你也太可爱了吧哈哈哈哈哈会给自己反黑澄清的爱豆让人很放心#赵小棠的家# 哇看着很豪华 ,2020/5/31 14:44:52,https://m.weibo.cn/status/J4tbUcgD5?mblogid=J4tbUcgD5&luicode=10000011&lfid=100103type%3D1%26t%3D10%26q%3D%23%E8%99%9E%E4%B9%A6%E6%AC%A3%E6%BE%84%E6%B8%85%E7%94%A9%E5%BC%80%E5%88%98%E9%9B%A8%E6%98%95%E7%9A%84%E6%89%8B%23,0,0,0
4510655132517047,##虞书欣澄清甩开刘雨昕的手##,#虞书欣澄清甩开刘雨昕的手#明星真的惨。一举一动都有人拿显微镜找茬。想起我之前有次给老师打电话请假。太紧张了都忘了说自己是谁。老师听完我的一大串“台词”沉默了一秒问我是谁。在钢筋眼里我怕是那种连做人基本的礼貌都没学会的山顶洞人的吧 ,2020/5/31 14:44:52,https://m.weibo.cn/status/J4tbHayNx?mblogid=J4tbHayNx&luicode=10000011&lfid=100103type%3D1%26t%3D10%26q%3D%23%E8%99%9E%E4%B9%A6%E6%AC%A3%E6%BE%84%E6%B8%85%E7%94%A9%E5%BC%80%E5%88%98%E9%9B%A8%E6%98%95%E7%9A%84%E6%89%8B%23,0,0,0
4510702671642258,-快乐大本营,#TFBOYS[超话]##TFBOYS三人同行# --换行--因为喜欢看大本营，所以没有错过你们--换行--还好没有错过你们，让我喜欢了6年--换行--你们慢慢长大，逐渐成长--换行--我也要慢慢向你们走去，期待相见[心]--换行--2014.5.31-2020.5.31         6周年快乐！--换行--始终期待你们在大本营的下一次合体[羞嗒嗒]--换行--@TFBOYS组合 @TFBOYS-王俊凯 --换行--@TFBOYS-王源 @TFBOYS-易烊千玺 --换行--@快乐大本营,2020/5/31 17:53:22,https://m.weibo.cn/status/J4uqn6Te2?mblogid=J4uqn6Te2&luicode=10000011&lfid=100103type%3D2%26q%3D%E5%BF%AB%E4%B9%90%E5%A4%A7%E6%9C%AC%E8%90%A5,0,0,0
4510702221545618,-快乐大本营,◉ 谭松韵丨快乐大本营小兔几生气了要吃颗砖石糖才可以 ,2020/5/31 17:51:22,https://m.weibo.cn/status/J4upE6u5k?mblogid=J4upE6u5k&luicode=10000011&lfid=100103type%3D2%26q%3D%E5%BF%AB%E4%B9%90%E5%A4%A7%E6%9C%AC%E8%90%A5,1,1,0
4510701646810668,-快乐大本营,曾毅曾组男团出道？就是队里的舞台从来没有跳齐过，听完这个故事还有一点点额的感动  #快乐大本营# #综艺# #娱乐# 综艺影视君的微博视频 ,2020/5/31 17:49:23,https://m.weibo.cn/status/J4uoIszLu?mblogid=J4uoIszLu&luicode=10000011&lfid=100103type%3D2%26q%3D%E5%BF%AB%E4%B9%90%E5%A4%A7%E6%9C%AC%E8%90%A5,0,0,0
4510701337285796,-快乐大本营,看完鬓边后发现檀健次竟然是mic的 于是打开了音乐软件 这次真的是你不对这首歌当时听了一遍之后就一直在听 后来想起旋律想不起来歌名 今天一听卧槽终于想起来了 舒爽[微笑]--换行--MIC男团这个有些年代感的名字同时期还有hit-5和昆虫组合 然后又发现雪之城竟然是昆虫组合的蝴蝶王子（别问我为什么这么叫 上快乐大本营他自己介绍的）印象很深刻的是他讲述自己追一个女孩子 女孩儿最后要告诉他答案了 他说不要讲出来 要享受过程....哈哈哈哈哈哈--换行--这么说起来 当年的快乐大本营就相当于现在新人团体的showcase舞台了吧... 中国那个时候的团体偶像还都挺能打的 要是多花点功夫费点心思的话可能我追星时代追的就是内娱爱豆了[喵喵],2020/5/31 17:48:23,https://m.weibo.cn/status/J4uoduzmQ?mblogid=J4uoduzmQ&luicode=10000011&lfid=100103type%3D2%26q%3D%E5%BF%AB%E4%B9%90%E5%A4%A7%E6%9C%AC%E8%90%A5,0,0,0
4510700896920125,-快乐大本营,许光汉greghan超话#许光汉快乐大本营# 谢谢，有被内涵到🙃P2  我大方地展示了我的身材P3  我会减肥的，25岁生日前让我瘦下去，并且保持到年底 ,2020/5/31 17:46:24,https://m.weibo.cn/status/J4unvt2eV?mblogid=J4unvt2eV&luicode=10000011&lfid=100103type%3D2%26q%3D%E5%BF%AB%E4%B9%90%E5%A4%A7%E6%9C%AC%E8%90%A5,1,0,0
4510700750705652,-快乐大本营,#黄景瑜##黄景瑜快乐大本营# 帅就完事了分享@Johnny黄景瑜 的@绿洲 动态：「为什么让我闭嘴🤐️，我不服！」 绿洲 ,2020/5/31 17:46:24,https://m.weibo.cn/status/J4unh2Xzu?mblogid=J4unh2Xzu&luicode=10000011&lfid=100103type%3D2%26q%3D%E5%BF%AB%E4%B9%90%E5%A4%A7%E6%9C%AC%E8%90%A5,0,0,0
4510700749916301,-快乐大本营,林彦俊对手 林彦俊工作室 林彦俊YSL 林彦俊我们的演唱会 林彦俊密集恐惧症 林彦俊快乐大本营 林彦俊壁纸无水印 林彦俊广州 林彦俊图片 林彦俊冷笑话 林彦俊小半 林彦俊头像 林彦俊野生厨房 林彦俊you 林彦俊采访 林彦俊也太真实了 林彦俊ESCAPE.*滴,2020/5/31 17:46:24,https://m.weibo.cn/status/J4ungFBGl?mblogid=J4ungFBGl&luicode=10000011&lfid=100103type%3D2%26q%3D%E5%BF%AB%E4%B9%90%E5%A4%A7%E6%9C%AC%E8%90%A5,0,0,0
4510700742050530,-快乐大本营,冷知识 ：我家松韵和罗云熙合作过而且拍了chuang戏，我是说昨天的快乐大本营怎么觉得他们站一起有点配 ,2020/5/31 17:46:24,https://m.weibo.cn/status/J4ung8Br4?mblogid=J4ung8Br4&luicode=10000011&lfid=100103type%3D2%26q%3D%E5%BF%AB%E4%B9%90%E5%A4%A7%E6%9C%AC%E8%90%A5,0,1,0
4510700666829924,-快乐大本营,许光汉搭档谢娜重现《想见你》经典片段李子维你变了！ #快乐大本营# 芒果捞学长的微博视频 ,2020/5/31 17:45:25,https://m.weibo.cn/status/J4un8sEM4?mblogid=J4un8sEM4&luicode=10000011&lfid=100103type%3D2%26q%3D%E5%BF%AB%E4%B9%90%E5%A4%A7%E6%9C%AC%E8%90%A5,0,0,0
4510700385138997,-快乐大本营,许光汉好帅啊 我好久没看快乐大本营了 今天真的乐呵呵 而且我自我代入能力好强 好容易就鸡叫最后一张是我某次登微博看到的广告 ,2020/5/31 17:44:25,https://m.weibo.cn/status/J4umGlyT3?mblogid=J4umGlyT3&luicode=10000011&lfid=100103type%3D2%26q%3D%E5%BF%AB%E4%B9%90%E5%A4%A7%E6%9C%AC%E8%90%A5,1,1,0
4510702671642258,-快乐大本营,#TFBOYS[超话]##TFBOYS三人同行# --换行--因为喜欢看大本营，所以没有错过你们--换行--还好没有错过你们，让我喜欢了6年--换行--你们慢慢长大，逐渐成长--换行--我也要慢慢向你们走去，期待相见[心]--换行--2014.5.31-2020.5.31         6周年快乐！--换行--始终期待你们在大本营的下一次合体[羞嗒嗒]--换行--@TFBOYS组合 @TFBOYS-王俊凯 --换行--@TFBOYS-王源 @TFBOYS-易烊千玺 --换行--@快乐大本营,2020/5/31 17:53:27,https://m.weibo.cn/status/J4uqn6Te2?mblogid=J4uqn6Te2&luicode=10000011&lfid=100103type%3D2%26q%3D%E5%BF%AB%E4%B9%90%E5%A4%A7%E6%9C%AC%E8%90%A5,0,0,0
4510702221545618,-快乐大本营,◉ 谭松韵丨快乐大本营小兔几生气了要吃颗砖石糖才可以 ,2020/5/31 17:51:27,https://m.weibo.cn/status/J4upE6u5k?mblogid=J4upE6u5k&luicode=10000011&lfid=100103type%3D2%26q%3D%E5%BF%AB%E4%B9%90%E5%A4%A7%E6%9C%AC%E8%90%A5,1,2,0
4510701646810668,-快乐大本营,曾毅曾组男团出道？就是队里的舞台从来没有跳齐过，听完这个故事还有一点点额的感动  #快乐大本营# #综艺# #娱乐# 综艺影视君的微博视频 ,2020/5/31 17:49:28,https://m.weibo.cn/status/J4uoIszLu?mblogid=J4uoIszLu&luicode=10000011&lfid=100103type%3D2%26q%3D%E5%BF%AB%E4%B9%90%E5%A4%A7%E6%9C%AC%E8%90%A5,0,0,0
4510701337285796,-快乐大本营,看完鬓边后发现檀健次竟然是mic的 于是打开了音乐软件 这次真的是你不对这首歌当时听了一遍之后就一直在听 后来想起旋律想不起来歌名 今天一听卧槽终于想起来了 舒爽[微笑]--换行--MIC男团这个有些年代感的名字同时期还有hit-5和昆虫组合 然后又发现雪之城竟然是昆虫组合的蝴蝶王子（别问我为什么这么叫 上快乐大本营他自己介绍的）印象很深刻的是他讲述自己追一个女孩子 女孩儿最后要告诉他答案了 他说不要讲出来 要享受过程....哈哈哈哈哈哈--换行--这么说起来 当年的快乐大本营就相当于现在新人团体的showcase舞台了吧... 中国那个时候的团体偶像还都挺能打的 要是多花点功夫费点心思的话可能我追星时代追的就是内娱爱豆了[喵喵],2020/5/31 17:48:28,https://m.weibo.cn/status/J4uoduzmQ?mblogid=J4uoduzmQ&luicode=10000011&lfid=100103type%3D2%26q%3D%E5%BF%AB%E4%B9%90%E5%A4%A7%E6%9C%AC%E8%90%A5,0,0,0
4510700896920125,-快乐大本营,许光汉greghan超话#许光汉快乐大本营# 谢谢，有被内涵到🙃P2  我大方地展示了我的身材P3  我会减肥的，25岁生日前让我瘦下去，并且保持到年底 ,2020/5/31 17:46:28,https://m.weibo.cn/status/J4unvt2eV?mblogid=J4unvt2eV&luicode=10000011&lfid=100103type%3D2%26q%3D%E5%BF%AB%E4%B9%90%E5%A4%A7%E6%9C%AC%E8%90%A5,1,0,0
4510700750705652,-快乐大本营,#黄景瑜##黄景瑜快乐大本营# 帅就完事了分享@Johnny黄景瑜 的@绿洲 动态：「为什么让我闭嘴🤐️，我不服！」 绿洲 ,2020/5/31 17:45:28,https://m.weibo.cn/status/J4unh2Xzu?mblogid=J4unh2Xzu&luicode=10000011&lfid=100103type%3D2%26q%3D%E5%BF%AB%E4%B9%90%E5%A4%A7%E6%9C%AC%E8%90%A5,0,0,0
4510700749916301,-快乐大本营,林彦俊对手 林彦俊工作室 林彦俊YSL 林彦俊我们的演唱会 林彦俊密集恐惧症 林彦俊快乐大本营 林彦俊壁纸无水印 林彦俊广州 林彦俊图片 林彦俊冷笑话 林彦俊小半 林彦俊头像 林彦俊野生厨房 林彦俊you 林彦俊采访 林彦俊也太真实了 林彦俊ESCAPE.*滴,2020/5/31 17:45:29,https://m.weibo.cn/status/J4ungFBGl?mblogid=J4ungFBGl&luicode=10000011&lfid=100103type%3D2%26q%3D%E5%BF%AB%E4%B9%90%E5%A4%A7%E6%9C%AC%E8%90%A5,0,0,0
4510700742050530,-快乐大本营,冷知识 ：我家松韵和罗云熙合作过而且拍了chuang戏，我是说昨天的快乐大本营怎么觉得他们站一起有点配 ,2020/5/31 17:45:29,https://m.weibo.cn/status/J4ung8Br4?mblogid=J4ung8Br4&luicode=10000011&lfid=100103type%3D2%26q%3D%E5%BF%AB%E4%B9%90%E5%A4%A7%E6%9C%AC%E8%90%A5,0,1,0
4510700666829924,-快乐大本营,许光汉搭档谢娜重现《想见你》经典片段李子维你变了！ #快乐大本营# 芒果捞学长的微博视频 ,2020/5/31 17:45:30,https://m.weibo.cn/status/J4un8sEM4?mblogid=J4un8sEM4&luicode=10000011&lfid=100103type%3D2%26q%3D%E5%BF%AB%E4%B9%90%E5%A4%A7%E6%9C%AC%E8%90%A5,0,0,0
4510700385138997,-快乐大本营,许光汉好帅啊 我好久没看快乐大本营了 今天真的乐呵呵 而且我自我代入能力好强 好容易就鸡叫最后一张是我某次登微博看到的广告 ,2020/5/31 17:44:30,https://m.weibo.cn/status/J4umGlyT3?mblogid=J4umGlyT3&luicode=10000011&lfid=100103type%3D2%26q%3D%E5%BF%AB%E4%B9%90%E5%A4%A7%E6%9C%AC%E8%90%A5,1,1,0
4510700380687287,-快乐大本营,#TFBOYS[超话]##tfboys快乐大本营追梦首秀# --换行--当电视机前的你，还沉浸在韩国男团，韩剧欧巴，韩流明星的轮番轰炸时，一支国产原装，正太组合，以迅雷不及掩耳之势，席卷全中国人眼球，他们就是TFBOYS！所以，不管你是质疑者，还是追随者，不管你是路人甲还是死忠粉，让他们告诉你，少年为什么可以这样红。 ​​​@TFBOYS组合 --换行----换行--星光不负赶路人，那些青春的誓言，从来都不曾走远👏,2020/5/31 17:44:31,https://m.weibo.cn/status/J4umG2SNh?mblogid=J4umG2SNh&luicode=10000011&lfid=100103type%3D2%26q%3D%E5%BF%AB%E4%B9%90%E5%A4%A7%E6%9C%AC%E8%90%A5,1,2,1
4510700188397565,-快乐大本营,许光汉在营业看起来还挺不情愿的。--换行----换行--《#快乐大本营# 》有一个快问快答，让他用唱歌的方式回答问题，他就果断拒绝。--换行----换行--让他用三个词形容一下自己，他也只说了“很闷骚”三个字。--换行----换行--让他唱自己主演的《想见你》主题曲也不愿意唱一句，宁愿用哒哒哒哒哒过去。--换行----换行--他之前在台湾参加综艺的时候都是有问必答话很多，让唱歌也会唱，不知道为什么在快本的快问快答就这么的敷衍，连表情管理都不重视一下。--换行----换行--但快本还是挺捧他的，整个一期很明显许光汉就是主咖，其余的演员都是背景板。--换行--网友：“这么捧态度还这么差”--换行--#许光汉快乐大本营#,2020/5/31 17:43:34,https://m.weibo.cn/status/J4ummzeAB?mblogid=J4ummzeAB&luicode=10000011&lfid=100103type%3D2%26q%3D%E5%BF%AB%E4%B9%90%E5%A4%A7%E6%9C%AC%E8%90%A5,585,190,265
4510699985892120,-快乐大本营,#罗云熙转呼啦圈# 是这样子的，呼啦圈有自己的想法，罗云熙也有太好笑了！！此段适合反复观看！ 橘子电影Movie的微博视频 ,2020/5/31 17:42:35,https://m.weibo.cn/status/J4um2oIOc?mblogid=J4um2oIOc&luicode=10000011&lfid=100103type%3D2%26q%3D%E5%BF%AB%E4%B9%90%E5%A4%A7%E6%9C%AC%E8%90%A5,6,1,1
4510699379092488,-快乐大本营,最大的本事就是一边写作业一边听电视(就喜欢有背景音)今天看完了不知道多少个小视频，最新一期快乐大本营，婆婆和妈妈，炙热的我们，舞者收获:目前作业进度百分之10中间还刷了300道科目一题目 ,2020/5/31 17:40:36,https://m.weibo.cn/status/J4ul3C9n2?mblogid=J4ul3C9n2&luicode=10000011&lfid=100103type%3D2%26q%3D%E5%BF%AB%E4%B9%90%E5%A4%A7%E6%9C%AC%E8%90%A5,0,0,0
4510699328870360,-快乐大本营,亲爱的易先生，你好--换行--        时间荏苒，距离我第一次在电视上看见你已经过去了六年了，六年前你第一次登上快乐大本营，第一次看到你跳舞，听到你唱的歌就深深地吸引到了我，这六年我们千纸鹤们看着你从之前那个青涩的男孩，一点一点变成了现在这个成熟的男人，看着你一点一点变得更加优秀，更加成熟，看着你在台下那么努力的练习只是为了给我们粉丝看你最好的一面，所以，哪有什么一夜成名，其实都是百炼成钢。《热血同行》《长安十二时辰》还有电影《少年的你》这三部作品让我们看到了你的努力，你是演员易烊千玺，不是偶像。我们千纸鹤会一直陪你走下去，期待十年之约的那一天，我一定会努力的去见你的。@TFBOYS-易烊千玺 #易烊千玺[超话]#,2020/5/31 17:40:36,https://m.weibo.cn/status/J4ukYBdAk?mblogid=J4ukYBdAk&luicode=10000011&lfid=100103type%3D2%26q%3D%E5%BF%AB%E4%B9%90%E5%A4%A7%E6%9C%AC%E8%90%A5,1,0,0
4510699247967197,-快乐大本营,因为许光汉 本周末首选综艺是快乐大本营 ,2020/5/31 17:39:36,https://m.weibo.cn/status/J4ukQxqDb?mblogid=J4ukQxqDb&luicode=10000011&lfid=100103type%3D2%26q%3D%E5%BF%AB%E4%B9%90%E5%A4%A7%E6%9C%AC%E8%90%A5,2,0,0
4510698917484525,-快乐大本营,张继科超话  今晚！快乐大本营！期待科科,2020/5/31 17:38:37,https://m.weibo.cn/status/J4ukjvp49?mblogid=J4ukjvp49&luicode=10000011&lfid=100103type%3D2%26q%3D%E5%BF%AB%E4%B9%90%E5%A4%A7%E6%9C%AC%E8%90%A5,0,0,0
4510698854648589,-快乐大本营,#朋友请听好#     何老师说他没有勇气接受生活的改变，但其实#何炅# 应该真的是一个很长情的人，不然也没有“22岁“的《快乐大本营》了。你是和何老师一样还是喜欢生活充满挑战呢？ LUOLUO是个宝的微博视频 ,2020/5/31 17:38:37,https://m.weibo.cn/status/J4ukdjvjf?mblogid=J4ukdjvjf&luicode=10000011&lfid=100103type%3D2%26q%3D%E5%BF%AB%E4%B9%90%E5%A4%A7%E6%9C%AC%E8%90%A5,0,0,0
4510697998528200,-快乐大本营,快乐大本营20200530期：许光汉挑战超萌动作儿歌 罗云熙陈钰琪童年游戏谁是孩子王 (分享自@芒果TV) 快乐大本营20200530期：许光汉挑战超萌动作儿歌 罗云熙陈钰琪童年游戏谁是孩子王  查看图片,2020/5/31 17:34:37,https://m.weibo.cn/status/J4uiPzMzC?mblogid=J4uiPzMzC&luicode=10000011&lfid=100103type%3D2%26q%3D%E5%BF%AB%E4%B9%90%E5%A4%A7%E6%9C%AC%E8%90%A5,0,0,0
4510697989630870,-快乐大本营,快乐大本营真的是最爱的综艺了，没有之一 ,2020/5/31 17:34:37,https://m.weibo.cn/status/J4uiOEpqC?mblogid=J4uiOEpqC&luicode=10000011&lfid=100103type%3D2%26q%3D%E5%BF%AB%E4%B9%90%E5%A4%A7%E6%9C%AC%E8%90%A5,0,0,0
4510697818609096,-快乐大本营,winmetawin超话555555林赢什么时候能上快乐大本营啊我真的好期待啊 ,2020/5/31 17:34:38,https://m.weibo.cn/status/J4uixA7Co?mblogid=J4uixA7Co&luicode=10000011&lfid=100103type%3D2%26q%3D%E5%BF%AB%E4%B9%90%E5%A4%A7%E6%9C%AC%E8%90%A5,7,3,0
4510697780335839,-快乐大本营,2014.05.31快乐大本营 转眼六年小小少年都已经长成男子汉啦@TFBOYS-王俊凯 @TFBOYS-王源 @TFBOYS-易烊千玺 有些变了，但有些从未改变希望你们永远永远健康 幸福 快乐！         我会一直支持你们!提前祝你们六一快乐呀！ ,2020/5/31 17:33:39,https://m.weibo.cn/status/J4uiu1pmL?mblogid=J4uiu1pmL&luicode=10000011&lfid=100103type%3D2%26q%3D%E5%BF%AB%E4%B9%90%E5%A4%A7%E6%9C%AC%E8%90%A5,0,0,0
4510697352754510,-快乐大本营,#快乐大本营[超话]#--换行--【罗云熙孩子王，快本闪光时刻！】✨--换行--透透哥哥@罗云熙Leo 来咯，游戏练习时出错蒙圈，最后完美逆袭，成为唯一过关者！皮筋教学，呼啦圈挑战，皮加油，通通不在话下，真真滴孩子王[偷笑]，最后还不忘祝妈妈生日快乐儿童节快乐暖一波[心]，#罗云熙# 真是宝藏男孩呀[色]，你爱了吗？！[鼓掌]#罗云熙快乐大本营# http://t.cn/A62Kpmoj,2020/5/31 17:32:39,https://m.weibo.cn/status/J4uhNbyzA?mblogid=J4uhNbyzA&luicode=10000011&lfid=100103type%3D2%26q%3D%E5%BF%AB%E4%B9%90%E5%A4%A7%E6%9C%AC%E8%90%A5,3,0,0
4510697222458376,-快乐大本营,TFBOYS超话6年了有谁和我一样在快乐大本营喜欢啵啵的。不能对你发誓我会爱你多久只要我有心跳呼吸放心还会爱你依旧 小夜想喝奶茶V-的微博视频 ,2020/5/31 17:31:39,https://m.weibo.cn/status/J4uhAajxe?mblogid=J4uhAajxe&luicode=10000011&lfid=100103type%3D2%26q%3D%E5%BF%AB%E4%B9%90%E5%A4%A7%E6%9C%AC%E8%90%A5,0,5,0
4510696984104915,-快乐大本营,迪丽热巴超话#迪丽热巴快乐大本营# 谁说我们姐姐不优雅知性了我第一个不同意@Dear-迪丽热巴 迪妹的毛裤的秒拍视频 ,2020/5/31 17:30:40,https://m.weibo.cn/status/J4uhchdSj?mblogid=J4uhchdSj&luicode=10000011&lfid=100103type%3D2%26q%3D%E5%BF%AB%E4%B9%90%E5%A4%A7%E6%9C%AC%E8%90%A5,21,4,2
4510696828972414,-快乐大本营,谢娜超话[纸飞机]#谢娜快乐大本营# [棒棒糖]变大变小真的奇妙 ,2020/5/31 17:30:41,https://m.weibo.cn/status/J4ugWBE8m?mblogid=J4ugWBE8m&luicode=10000011&lfid=100103type%3D2%26q%3D%E5%BF%AB%E4%B9%90%E5%A4%A7%E6%9C%AC%E8%90%A5,6,4,0
4510696464172357,-快乐大本营,从我弟哪里听到他们三人的歌，后面会不由自主的看到有关他们的消息，14年的快乐大本营上谢娜说要剪掉千玺的轻松熊，看他惊住的表情有点可爱[坏笑]接着默默关注着千玺从这就是街舞中的玺子哥到长安十二时辰中靖安司李司丞再到15亿票房你保护世界，我保护你中的小北，再与阿易一起热血同行等等等之多--换行--苗根正红，千纸鹤值得[米奇比心] http://t.cn/EogjYPf,2020/5/31 17:28:42,https://m.weibo.cn/status/J4ugmhvq5?mblogid=J4ugmhvq5&luicode=10000011&lfid=100103type%3D2%26q%3D%E5%BF%AB%E4%B9%90%E5%A4%A7%E6%9C%AC%E8%90%A5,0,0,0
4510696362691881,-快乐大本营,快乐大本020年秦霄贤唱歌#快乐大本营##明星名媛八卦爆料# 搞笑绮的微博视频 ,2020/5/31 17:28:42,https://m.weibo.cn/status/J4ugcbihr?mblogid=J4ugcbihr&luicode=10000011&lfid=100103type%3D2%26q%3D%E5%BF%AB%E4%B9%90%E5%A4%A7%E6%9C%AC%E8%90%A5,0,0,0
4510696040256931,-快乐大本营,#许凯快乐大本营# xk#许凯大唐儿女行# 做最快乐的崽@许凯soso 啊视频多少都不够。 奶茶要半糖的彤彤的微博视频 ,2020/5/31 17:27:42,https://m.weibo.cn/status/J4ufG14Q3?mblogid=J4ufG14Q3&luicode=10000011&lfid=100103type%3D2%26q%3D%E5%BF%AB%E4%B9%90%E5%A4%A7%E6%9C%AC%E8%90%A5,2,4,0
4510695619781383,-快乐大本营,快乐大本营何三岁上线干扰， 猪队友助力徐开骋惨凉凉#快乐大本营##明星名媛八卦爆料# 娱乐琰的微博视频 ,2020/5/31 17:25:43,https://m.weibo.cn/status/J4ueZF2Af?mblogid=J4ueZF2Af&luicode=10000011&lfid=100103type%3D2%26q%3D%E5%BF%AB%E4%B9%90%E5%A4%A7%E6%9C%AC%E8%90%A5,0,0,0
